player_id,player_name,position,round,predicted_points
5,Gabriel,DEF,12,8.051
8,J.Timber,DEF,12,7.400999999999999
256,Muñoz,DEF,12,6.005
226,Chalobah,DEF,12,5.853
74,Truffert,DEF,12,5.7669999999999995
430,Haaland,FWD,12,8.684999999999999
249,João Pedro,FWD,12,6.002000000000001
136,Thiago,FWD,12,5.215
1,Raya,GK,12,5.794
670,Roefs,GK,12,3.7560000000000002
119,Mbeumo,MID,12,7.386
82,Semenyo,MID,12,5.824
299,Ndiaye,MID,12,4.758
381,M.Salah,MID,12,4.547
350,Aaronson,MID,12,4.534000000000001
