player_id,player_name,round,predicted_points,actual_points
430,Haaland,10,8.078999999999999,13
5,Gabriel,10,7.837000000000001,12
119,Mbeumo,10,6.567,2
670,Roefs,10,6.005,2
714,Woltemade,10,5.496,1
256,Muñoz,10,5.264,6
21,Rice,10,3.399,13
16,Saka,10,3.256,3
267,Sarr,10,3.196,3
283,Mateta,10,2.814,9
684,Thiaw,10,2.175,1
