player_id,player_name,round,predicted_points,actual_points
430,Haaland,10,8.274999999999999,13
5,Gabriel,10,7.664,12
119,Mbeumo,10,6.686,2
670,Roefs,10,6.206,2
714,Woltemade,10,5.614999999999999,1
256,Muñoz,10,5.534000000000001,6
21,Rice,10,3.498,13
16,Saka,10,3.304,3
267,Sarr,10,3.252,3
283,Mateta,10,2.918,9
684,Thiaw,10,2.2299999999999995,1
