player_id,player_name,round,predicted_points,actual_points
430,Haaland,11,10.635,4
5,Gabriel,11,9.17,1
226,Chalobah,11,6.687,6
21,Rice,11,5.954,2
256,Muñoz,11,5.428000000000001,6
283,Mateta,11,4.679,2
237,Enzo,11,3.493,3
624,Bowen,11,2.651,2
515,Gibbs-White,11,2.526,10
16,Saka,11,2.4010000000000007,12
502,Sels,11,2.033,2
