player_id,player_name,round,predicted_points
430,Haaland,12,8.475999999999999
5,Gabriel,12,8.068999999999999
82,Semenyo,12,5.925
16,Saka,12,4.764
283,Mateta,12,4.709
449,B.Fernandes,12,4.452
72,Senesi,12,3.675
261,Richards,12,3.258
374,Konaté,12,3.1630000000000003
237,Enzo,12,2.839
220,Sánchez,12,2.401
