player_id,player_name,round,predicted_points,actual_points
430,Haaland,2,10.986,2
82,Semenyo,2,6.316,6
1,Raya,2,5.770999999999999,6
136,Thiago,2,5.504,2
72,Senesi,2,4.051,9
449,B.Fernandes,2,3.836,2
16,Saka,2,3.344,6
224,Cucurella,2,3.2020000000000004,5
64,Watkins,2,2.289,2
427,Reijnders,2,2.1990000000000003,2
441,Dorgu,2,1.3119999999999998,2
