player_id,player_name,round,predicted_points,actual_points
430,Haaland,4,8.783999999999999,13
226,Chalobah,4,5.632,3
256,Muñoz,4,5.456,5
283,Mateta,4,4.486000000000001,2
82,Semenyo,4,4.411,13
266,Eze,4,3.717,6
249,João Pedro,4,3.652,7
469,Pope,4,3.028,8
317,Andersen,4,2.934,10
335,King,4,1.51,1
630,King,4,0.0,0
