player_id,player_name,round,predicted_points,actual_points
430,Haaland,4,8.552000000000001,13
226,Chalobah,4,5.673,3
256,Muñoz,4,5.3870000000000005,5
283,Mateta,4,4.648000000000001,2
381,M.Salah,4,4.544,9
82,Semenyo,4,4.409000000000001,13
266,Eze,4,3.727,6
249,João Pedro,4,3.621,7
469,Pope,4,3.0380000000000003,8
317,Andersen,4,2.9810000000000003,10
335,King,4,1.5,1
630,King,4,0.0,0
