player_id,player_name,round,predicted_points,actual_points
430,Haaland,8,8.591999999999999,13
5,Gabriel,8,8.149000000000001,12
249,João Pedro,8,6.183999999999999,2
82,Semenyo,8,6.111,4
226,Chalobah,8,5.739,6
237,Enzo,8,3.1740000000000004,0
624,Bowen,8,3.139,2
582,Kudus,8,2.77,2
16,Saka,8,2.686,7
403,Gvardiol,8,2.564,0
600,Areola,8,1.414,2
