player_id,player_name,round,predicted_points,actual_points
430,Haaland,8,8.583000000000002,13
5,Gabriel,8,8.093,12
82,Semenyo,8,6.382,4
249,João Pedro,8,6.212000000000001,2
226,Chalobah,8,5.803000000000001,6
624,Bowen,8,3.229,2
237,Enzo,8,3.193,0
582,Kudus,8,2.7310000000000003,2
403,Gvardiol,8,2.688,0
16,Saka,8,2.6370000000000005,7
600,Areola,8,1.408,2
