player_id,player_name,round,predicted_points,actual_points
430,Haaland,9,9.881,2
5,Gabriel,9,8.181000000000001,9
82,Semenyo,9,7.028999999999999,3
136,Thiago,9,6.023999999999999,5
16,Saka,9,3.908,3
225,James,9,3.636,1
469,Pope,9,3.483,3
237,Enzo,9,3.18,2
72,Senesi,9,2.992,5
353,James,9,1.017,1
